image,pseudo_objects,gt_objects,matched_objects
"images/val/273271,104ec00067d5b782.jpg",13,39,13
"images/val/273271,12c170004bd53807.jpg",6,17,6
"images/val/273271,151210003c437b07.jpg",10,30,9
"images/val/273271,1764b000b232f0d0.jpg",16,18,16
"images/val/273271,1bb16000e7a389a3.jpg",3,5,3
"images/val/273271,1da8500031927201.jpg",5,5,5
"images/val/273271,1f194000b8070849.jpg",3,8,3
"images/val/273271,1fe910001b52222b.jpg",4,5,4
"images/val/273271,219640002d98657b.jpg",3,4,3
"images/val/273271,22d4b000dc140bf3.jpg",5,6,5
"images/val/273271,23d9d0000f219568.jpg",11,27,11
"images/val/273271,265c9000e1a72c57.jpg",9,11,9
"images/val/273271,299570006cb822b1.jpg",20,32,19
"images/val/273271,2c2e6000e67483fc.jpg",7,7,7
"images/val/273271,2d284000f7dfd099.jpg",8,8,8
"images/val/273271,49df000b72422a4.jpg",14,61,14
"images/val/273271,6978000bc5ca523.jpg",8,10,8
"images/val/273271,9e4f0004d21d70b.jpg",10,19,10
"images/val/273271,c9db000d5146c15.jpg",6,6,6
"images/val/273271,fb48000b01fe0f2.jpg",25,103,22
"images/val/273275,1038bc000d0fa9dba.jpg",6,7,6
"images/val/273275,106a20000df0ef0f9.jpg",5,7,5
"images/val/273275,108b56000b706f71e.jpg",1,10,1
"images/val/273275,10c980000fee2dac9.jpg",7,8,7
"images/val/273275,10f7d300015fdc5eb.jpg",7,7,7
"images/val/273275,1122960009535d9d5.jpg",15,25,15
"images/val/273275,1194390006c4fba34.jpg",6,6,6
"images/val/273275,11c9600005e6b80e8.jpg",14,20,14
"images/val/273275,1206150006f1d9805.jpg",8,8,8
"images/val/273275,1215a4000c1093680.jpg",16,19,16
"images/val/273275,1239c10001a10715a.jpg",6,12,6
"images/val/273275,1267f40007a104811.jpg",36,36,36
"images/val/273275,12b63c000c6363629.jpg",11,18,10
"images/val/273275,1311b000277ba7ac.jpg",15,19,14
"images/val/273275,133463000b35e556f.jpg",3,6,3
"images/val/273275,136ed8000affd02f4.jpg",34,115,34
"images/val/273275,13a9b40005572d3f7.jpg",7,7,6
"images/val/273275,13c2950002c876fd3.jpg",14,14,14
"images/val/273275,13fad000aaef02af.jpg",17,27,17
"images/val/273275,141550002821905b.jpg",18,26,16
"images/val/273275,142c5e000bbdb0e4c.jpg",2,5,2
"images/val/273275,145bd2000d0bf496e.jpg",2,5,2
"images/val/273275,1480e10008d59c60d.jpg",11,12,11
"images/val/273275,14b7a000c518e802.jpg",24,45,24
"images/val/273275,14ebad0000a0ef228.jpg",14,41,14
"images/val/273275,1713400068956f34.jpg",10,23,10
"images/val/273275,195b7000ff4ca9c5.jpg",13,15,12
"images/val/273275,1b37d000e567d94f.jpg",21,34,21
"images/val/273275,1f7d2000c8f6e1c1.jpg",12,16,11
"images/val/273275,21c8e000a1b3351c.jpg",20,62,20
"images/val/273275,264d0000363a69c5.jpg",6,8,6
"images/val/273275,2b26c000b1625c09.jpg",5,9,5
"images/val/273275,2e94400044d7918d.jpg",11,13,11
"images/val/273275,30df8000a996bfbe.jpg",11,29,11
"images/val/273275,33b0f0005e85c95b.jpg",9,208,8
"images/val/273275,365e300084fc18a5.jpg",6,16,6
"images/val/273275,3858c00022999986.jpg",8,21,8
"images/val/273275,3ae4b000ae78fdc5.jpg",12,25,12
"images/val/273275,3c96600010b5f224.jpg",9,30,8
"images/val/273275,40be000037b1fe03.jpg",10,31,10
"images/val/273275,432ce000f071cf58.jpg",13,25,13
"images/val/273275,463e60006e4dbf83.jpg",7,10,7
"images/val/273275,49f02000803da8c2.jpg",11,11,10
"images/val/273275,4ce7b000d7be8d88.jpg",5,8,5
"images/val/273275,4fc7b000f1698207.jpg",10,18,10
"images/val/273275,51c94000f7993ed3.jpg",15,49,9
"images/val/273275,53978000db8bb1e8.jpg",3,35,3
"images/val/273275,56e5b000f5be4e23.jpg",8,6,6
"images/val/273275,58ab700012467f93.jpg",13,26,12
"images/val/273275,5c2090001fa67cb5.jpg",2,7,2
"images/val/273275,5d050007f9c153a.jpg",7,10,7
"images/val/273275,6053f000df8cac5f.jpg",7,7,7
"images/val/273275,62704000cb77dbdc.jpg",9,9,9
"images/val/273275,64c53000357df944.jpg",20,34,19
"images/val/273275,667d4000d8908252.jpg",11,21,11
"images/val/273275,696ef0003d7b52b4.jpg",6,6,6
"images/val/273275,6af9200059534c94.jpg",6,6,6
"images/val/273275,6b95900022ee32a2.jpg",17,42,16
"images/val/273275,6c70f00028727fb9.jpg",7,10,7
"images/val/273275,6de59000df55a0c5.jpg",14,21,14
"images/val/273275,6f1a4000590821cf.jpg",6,10,5
"images/val/273275,711d0000d82df46f.jpg",14,24,13
"images/val/273275,737200048e06566.jpg",12,17,11
"images/val/273275,756c0000b1404133.jpg",3,4,3
"images/val/273275,76fbe0007c3d6f60.jpg",7,8,7
"images/val/273275,78510008b2ddf54.jpg",5,9,5
"images/val/273275,7bf410009a96f780.jpg",7,11,7
"images/val/273275,7ddbc000a446430f.jpg",7,7,7
"images/val/273275,7fbb700094ce7cc9.jpg",6,6,6
"images/val/273275,80cc40008132bc33.jpg",6,14,6
"images/val/273275,823430001f60b0f9.jpg",8,9,6
"images/val/273275,84a1c000f27f8602.jpg",6,6,3
"images/val/273275,876a6000dbb1785f.jpg",9,8,8
"images/val/273275,89d7100065098f5f.jpg",8,31,8
"images/val/273275,8e3be000429c22d8.jpg",11,11,11
"images/val/273275,8fefc000a78c93c3.jpg",5,9,4
"images/val/273275,91b30000a5d4e084.jpg",6,8,6
"images/val/273275,93ed200065fae367.jpg",3,3,3
"images/val/273275,989ce000cf17943d.jpg",3,5,3
"images/val/273275,9b2370009c136faa.jpg",10,14,10
"images/val/273275,9c56b000e975a086.jpg",12,23,11
"images/val/273275,9e4cb000c4ee7c41.jpg",6,7,6
"images/val/273275,a0f82000df187896.jpg",7,13,5
"images/val/273275,a1d50000aebf1908.jpg",1,4,1
"images/val/273275,a5a2d0000ed1febc.jpg",10,14,10
"images/val/273275,a89fe0007ad3d532.jpg",2,5,2
"images/val/273275,ab0e6000f377e5ca.jpg",16,17,16
"images/val/273275,ae978000bd826f8f.jpg",1,4,1
"images/val/273275,b3594000bc421ad3.jpg",6,7,6
"images/val/273275,b6c0a00060817afe.jpg",6,7,6
"images/val/273275,ba04d000c7f2d034.jpg",42,53,42
"images/val/273275,bc1720009f98c98e.jpg",8,6,6
"images/val/273275,be690003b5815cc.jpg",10,20,10
"images/val/273275,c0ae0000aec25c12.jpg",7,36,7
"images/val/273275,c6c02000dbe1a287.jpg",12,12,12
"images/val/273275,c96a800051117e10.jpg",10,13,10
"images/val/273275,cb93f0005860ff4e.jpg",13,33,13
"images/val/273275,ce67100003bb23df.jpg",14,17,14
"images/val/273275,d34e70001efcdc2f.jpg",13,21,13
"images/val/273275,d66df00074212d08.jpg",14,24,14
"images/val/273275,d88700086ce145f.jpg",18,74,16
"images/val/273275,db46900063903fe2.jpg",15,31,14
"images/val/273275,de6b600015763c03.jpg",12,13,9
"images/val/273275,e24520008a0f6b96.jpg",5,6,5
"images/val/273275,e4a5b000b0c5dcee.jpg",95,130,94
"images/val/273275,e86dd0009579cce3.jpg",13,13,13
"images/val/273275,eaa8b0001f23904b.jpg",4,5,4
"images/val/273275,ecdfe0001addfe97.jpg",19,21,19
"images/val/273275,f068800049b82951.jpg",7,8,7
"images/val/273275,f24b700081f68d82.jpg",12,12,12
"images/val/273275,f55ba000cc5509af.jpg",5,5,5
"images/val/273275,fa7b20001ed3cf27.jpg",3,5,3
"images/val/273275,fdbe00003e1de45b.jpg",12,20,10
"images/val/273278,1002a50002f786bd8.jpg",15,24,14
"images/val/273278,101ab20001613531b.jpg",18,30,17
"images/val/273278,10853d00030835456.jpg",1,5,1
"images/val/273278,10b295000d40d842a.jpg",11,22,11
"images/val/273278,10e214000f02bcfa5.jpg",5,8,5
"images/val/273278,11432a0008a561b38.jpg",25,38,25
"images/val/273278,11762f000c90c7561.jpg",6,9,6
"images/val/273278,119a8c00081dee15f.jpg",9,18,9
"images/val/273278,11ba49000d48226cd.jpg",4,13,4
"images/val/273278,11d6b0000755a6222.jpg",10,11,9
"images/val/273278,11fd3f00067a1790c.jpg",11,72,11
"images/val/273278,1224a9000d6db2643.jpg",15,70,15
"images/val/273278,12561000074b16b92.jpg",1,8,1
"images/val/273278,128c06000217d7dc3.jpg",13,19,12
"images/val/273278,12b4e3000ec1fb1fd.jpg",6,8,6
"images/val/273278,12e4e60000934e1af.jpg",16,37,16
"images/val/273278,12fa0e000d6e0de9b.jpg",9,14,9
"images/val/273278,1311ed000676aaa61.jpg",6,13,6
"images/val/273278,1340320001be76383.jpg",20,43,19
"images/val/273278,134c66000ab3231d6.jpg",10,16,10
"images/val/273278,136c9a000798343ea.jpg",12,15,12
"images/val/273278,1396fd0008de1e103.jpg",1,105,1
"images/val/273278,13ae63000b2f2e09a.jpg",4,7,4
"images/val/273278,13bf6c000000cff04.jpg",12,11,9
"images/val/273278,140ee20001a75b83a.jpg",8,33,8
"images/val/273278,1452060001ee5182a.jpg",6,7,5
"images/val/273278,14e540002e0f2f9c.jpg",8,13,7
"images/val/273278,15fa2000ba276466.jpg",5,7,4
"images/val/273278,18175000facaa853.jpg",4,12,4
"images/val/273278,1a96e0004c19aa68.jpg",5,8,4
"images/val/273278,1be12000b07a3e4b.jpg",6,6,5
"images/val/273278,21998000baf7affc.jpg",7,8,7
"images/val/273278,247fd00042d58db3.jpg",11,23,11
"images/val/273278,286180000ffcaee2.jpg",6,9,4
"images/val/273278,2a792000b29c02c8.jpg",9,10,9
"images/val/273278,2dc4c00003576794.jpg",7,13,7
"images/val/273278,2ecc0000f496618a.jpg",6,12,6
"images/val/273278,2fc68000065d85b3.jpg",25,30,25
"images/val/273278,321cb0007b58ff39.jpg",16,25,16
"images/val/273278,3549800097ae8679.jpg",3,4,1
"images/val/273278,3638d000c887b3ec.jpg",5,17,4
"images/val/273278,388230003e143747.jpg",8,9,8
"images/val/273278,3a7c4000807af33d.jpg",10,19,9
"images/val/273278,3b7ce000a7c98bea.jpg",5,28,5
"images/val/273278,3de0500057884f5d.jpg",1,4,0
"images/val/273278,40a420007ea37032.jpg",4,7,3
"images/val/273278,43cc4000c744b4fe.jpg",7,16,7
"images/val/273278,46b7900084957890.jpg",14,25,13
"images/val/273278,4bd4b00058668065.jpg",6,5,5
"images/val/273278,4e1ae0009b33eb15.jpg",15,34,15
"images/val/273278,50a4a0001d0f2ef9.jpg",19,27,18
"images/val/273278,52aa50006f8b81ed.jpg",9,15,9
"images/val/273278,55d8300021e00976.jpg",5,8,5
"images/val/273278,5b36300090587413.jpg",4,5,4
"images/val/273278,5f110003de7f037.jpg",3,9,3
"images/val/273278,60f740000203cd0a.jpg",3,3,3
"images/val/273278,64dfc0004a7185f9.jpg",9,22,9
"images/val/273278,6adc100036754b2c.jpg",7,16,7
"images/val/273278,6cbf6000c7def4d3.jpg",15,13,10
"images/val/273278,6e01600042b220ab.jpg",5,6,5
"images/val/273278,6fab20006e0ce5b5.jpg",9,14,9
"images/val/273278,733680009e6c5c00.jpg",21,36,20
"images/val/273278,75d24000e6f10189.jpg",4,7,3
"images/val/273278,76fef00087226994.jpg",16,31,14
"images/val/273278,7860c000343201ad.jpg",20,30,20
"images/val/273278,7a5a80003b68524a.jpg",37,47,31
"images/val/273278,7bb74000cef7e45f.jpg",13,18,12
"images/val/273278,7ee2b0001b548670.jpg",11,11,11
"images/val/273278,80a2100012bd0ffa.jpg",5,10,4
"images/val/273278,82b3a0008c82e1f7.jpg",22,35,17
"images/val/273278,851b9000cc09883c.jpg",12,19,12
"images/val/273278,88fee00041315d3c.jpg",41,65,40
"images/val/273278,89ccc0008e116611.jpg",15,19,15
"images/val/273278,8c14b0002952d137.jpg",61,82,60
"images/val/273278,8e3e000022a60441.jpg",8,12,7
"images/val/273278,903070004cb431f6.jpg",6,6,6
"images/val/273278,91a120003aab3f7f.jpg",6,11,6
"images/val/273278,9367000077b7ded1.jpg",8,9,8
"images/val/273278,953f6000732b79cd.jpg",7,7,7
"images/val/273278,969c90000a955e10.jpg",6,6,4
"images/val/273278,97bec00011130e10.jpg",8,10,8
"images/val/273278,9946d000fc9c5294.jpg",5,5,5
"images/val/273278,9b7fb000bc2fd66e.jpg",4,6,4
"images/val/273278,9e18d000be768cfa.jpg",14,34,12
"images/val/273278,a2e6f000f0427231.jpg",7,9,7
"images/val/273278,a3f4d000251fae92.jpg",6,9,6
"images/val/273278,aa0f00004e60e0e3.jpg",16,15,12
"images/val/273278,abd600062fc80b6.jpg",4,13,4
"images/val/273278,af67b000188f1979.jpg",4,9,4
"images/val/273278,b0bf3000c1b2af35.jpg",13,16,13
"images/val/273278,b2b9200019b22409.jpg",7,7,7
"images/val/273278,b5e4c00058c7942c.jpg",3,5,3
"images/val/273278,b69fa00063d61b90.jpg",5,4,4
"images/val/273278,b98720003a6907cf.jpg",11,14,9
"images/val/273278,bbe50000b9dfbd99.jpg",11,13,11
"images/val/273278,c0c14000c5e89c90.jpg",5,11,5
"images/val/273278,c3a23000a15b47aa.jpg",24,31,24
"images/val/273278,c6170000a3202a2d.jpg",16,57,14
"images/val/273278,c8831000cfd289ec.jpg",6,8,6
"images/val/273278,cabb200003fe73d0.jpg",6,6,6
"images/val/273278,cd31e000ff9a7472.jpg",9,10,9
"images/val/273278,cf0800008407a031.jpg",6,12,5
"images/val/273278,d1050000234c5e1a.jpg",9,14,9
"images/val/273278,d253a0000b3fd6cd.jpg",12,14,10
"images/val/273278,d52f5000ef164260.jpg",6,7,6
"images/val/273278,d6017000ccb76cd0.jpg",14,21,14
"images/val/273278,d7b770009ad6de84.jpg",7,9,7
"images/val/273278,ddfc50000b6c735a.jpg",9,18,9
"images/val/273278,e07140006e7e0852.jpg",8,9,8
"images/val/273278,e2b2d0006bfe5040.jpg",22,23,21
"images/val/273278,e5fc80001beb4d5e.jpg",39,59,34
"images/val/273278,e8986000e1cb00a7.jpg",8,24,8
"images/val/273278,eb7b00003d57193b.jpg",11,10,7
"images/val/273278,ecf680003ae33bf1.jpg",5,6,5
"images/val/273278,edbed0008f245d38.jpg",6,7,6
"images/val/273278,f03880007e5b2551.jpg",9,9,8
"images/val/273278,f2e2c0001ef3e4f8.jpg",6,7,6
"images/val/273278,f51f50002c9d2999.jpg",26,44,25
"images/val/273278,f67e9000458fc17e.jpg",10,26,9
"images/val/273278,f765b000bcf8fa79.jpg",4,6,4
"images/val/273278,f9742000c2854d2b.jpg",36,42,35
"images/val/273278,fbdd3000bd6efb26.jpg",12,22,11
"images/val/273278,ff8e000463e0b74.jpg",16,28,16
"images/val/282555,102b8700006bc1f81.jpg",16,51,16
"images/val/282555,106cf5000a7ab0f72.jpg",8,36,8
"images/val/282555,1091890007978e022.jpg",33,243,32
"images/val/282555,10d1fd00028eeabf4.jpg",12,40,12
"images/val/282555,10e432000f22822c9.jpg",14,36,14
"images/val/282555,1118270008b025ba4.jpg",11,39,11
"images/val/282555,115386000dc137e9c.jpg",18,56,18
"images/val/282555,1169d60007e589628.jpg",7,28,7
"images/val/282555,119a5500015cd92aa.jpg",3,16,3
"images/val/282555,11d5e4000d2b0eaf9.jpg",2,3,2
"images/val/282555,12015a0002f940c30.jpg",13,48,13
"images/val/282555,12275c0003b652d1d.jpg",6,13,6
"images/val/282555,1256af0004c320a30.jpg",17,49,15
"images/val/282555,14190000ec991dda.jpg",11,149,11
"images/val/282555,16176000f1a68327.jpg",7,10,7
"images/val/282555,1721000bc0f1797.jpg",13,31,13
"images/val/282555,1972a000479a36d0.jpg",120,222,119
"images/val/282555,1b5c9000aab4c1e7.jpg",11,12,11
"images/val/282555,1c87c0009039396b.jpg",9,11,9
"images/val/282555,1da8900052bf496f.jpg",9,12,9
"images/val/282555,1f4e700089d1d2c1.jpg",7,8,6
"images/val/282555,21fad000c56032d5.jpg",28,32,28
"images/val/282555,2500f000dcc6d906.jpg",3,10,2
"images/val/282555,26a2e000832eb71d.jpg",38,71,35
"images/val/282555,295f70009bebdb51.jpg",6,103,6
"images/val/282555,2c89c000398f54b5.jpg",26,28,26
"images/val/282555,2fc830005e16f252.jpg",6,8,6
"images/val/282555,32e80000b778b9c9.jpg",4,7,1
"images/val/282555,3802e00048d5f4fb.jpg",5,6,5
"images/val/282555,3d265000e4864415.jpg",7,8,7
"images/val/282555,4160d000a3635ca8.jpg",6,62,6
"images/val/282555,43fbd000329fe59f.jpg",2,10,2
"images/val/282555,462b70006275753c.jpg",13,44,12
"images/val/282555,48a9a000d647d63d.jpg",15,29,15
"images/val/282555,4bd5e00041405c76.jpg",4,10,3
"images/val/282555,4cd8f0001a6bf61a.jpg",4,7,4
"images/val/282555,4f442000fc46026d.jpg",10,39,9
"images/val/282555,52980000c372f39.jpg",12,47,12
"images/val/282555,584a500023461bb5.jpg",12,25,10
"images/val/282555,5e20f00028f5c0c2.jpg",9,23,9
"images/val/282555,626aa0007ffb32fc.jpg",11,25,11
"images/val/282555,635f9000f8460835.jpg",10,35,10
"images/val/282555,646380008114e02f.jpg",14,27,14
"images/val/282555,66a600088d7527e.jpg",4,13,4
"images/val/282555,6a5590005d46c93d.jpg",17,32,7
"images/val/282555,6d7200027231ace.jpg",12,27,12
"images/val/282555,6e6c0001449c30b.jpg",7,13,7
"images/val/282555,7202a0009cdc5ea2.jpg",1,10,1
"images/val/282555,75ba7000dfe99989.jpg",9,12,9
"images/val/282555,78fe0000830f6715.jpg",30,52,28
"images/val/282555,7dd70000db023b34.jpg",3,7,1
"images/val/282555,8152a000b8d23a9c.jpg",5,7,5
"images/val/282555,86e2f0003471a1ac.jpg",16,20,16
"images/val/282555,8a7a20000b5794a2.jpg",27,35,22
"images/val/282555,8fb6e00087ebf5ed.jpg",2,3,2
"images/val/282555,91384000946b4f90.jpg",13,15,13
"images/val/282555,93c930007964c455.jpg",3,4,3
"images/val/282555,95ad80006ade2de8.jpg",19,26,18
"images/val/282555,97e17000f0ddc4d9.jpg",12,31,12
"images/val/282555,9a1db0003377b5a0.jpg",55,55,55
"images/val/282555,9c4c100073fe930a.jpg",8,8,6
"images/val/282555,9f1b2000ffa1d35b.jpg",4,6,1
"images/val/282555,a4abf0008175ecc1.jpg",10,122,10
"images/val/282555,a6926000836a6f77.jpg",3,29,3
"images/val/282555,a84f9000bab0f6d9.jpg",0,31,0
"images/val/282555,ab2ad00009452688.jpg",7,66,7
"images/val/282555,add2b00061d088a2.jpg",4,4,3
"images/val/282555,b0f0a0000e7d18f1.jpg",13,14,13
"images/val/282555,b4071000d27eb668.jpg",5,9,5
"images/val/282555,b635a000946b5be5.jpg",12,27,11
"images/val/282555,b93ff0002dcc0f6e.jpg",13,27,13
"images/val/282555,bbc9500035291045.jpg",9,98,9
"images/val/282555,bcd1800056a14d0f.jpg",19,44,19
"images/val/282555,be9e80003fa45197.jpg",11,28,11
"images/val/282555,c340e00043f1a6b9.jpg",19,48,18
"images/val/282555,c4fde000dd031c65.jpg",9,10,8
"images/val/282555,c6870000aa81fbac.jpg",11,27,11
"images/val/282555,c7b98000630a750a.jpg",5,5,5
"images/val/282555,c9bea000c17ea2b1.jpg",5,12,5
"images/val/282555,cc128000715d30e6.jpg",24,27,23
"images/val/282555,cdb1f000ec3bb4ff.jpg",11,21,11
"images/val/282555,ce7be000c6866f26.jpg",16,16,16
"images/val/282555,d276f0007d820832.jpg",3,4,3
"images/val/282555,d4b77000f1f9c23a.jpg",6,59,6
"images/val/282555,d9400002362fe0f.jpg",4,6,4
"images/val/282555,ddda200068f480a7.jpg",10,58,10
"images/val/282555,dfe1900058f86f1e.jpg",13,22,13
"images/val/282555,e1b100009dcbec8a.jpg",3,7,3
"images/val/282555,e58d1000af74fc55.jpg",7,10,6
"images/val/282555,e8b41000c7768d8d.jpg",4,85,4
"images/val/282555,eab87000d7a3ddfb.jpg",7,36,7
"images/val/282555,ee5d3000bb46540e.jpg",15,69,14
"images/val/282555,f251a0009e63210b.jpg",3,88,2
"images/val/282555,f5aec000e5d7d015.jpg",1,52,1
"images/val/282555,f7f9e000873f7b62.jpg",2,4,1
"images/val/282555,fd6ef000dbb94581.jpg",0,40,0
"images/val/283081,100a90001b97d895.jpg",7,7,7
"images/val/283081,12f98000200850c4.jpg",13,13,13
"images/val/283081,142d50000a142887.jpg",2,3,2
"images/val/283081,150ed000495d24cf.jpg",6,9,6
"images/val/283081,1b43c000cf5a683d.jpg",3,6,3
"images/val/283081,1fa8e000d981e6f4.jpg",14,20,13
"images/val/283081,35cc000cfc2346f.jpg",6,6,6
"images/val/283081,670c00035a4e512.jpg",28,28,26
"images/val/283081,810a000082b0458.jpg",1,8,1
"images/val/283081,9e8200051bcf1b1.jpg",11,15,10
"images/val/283081,c1a900028fb6871.jpg",7,8,7
"images/val/283081,d76100012469f3b.jpg",4,3,3
"images/val/283081,f1df00030823280.jpg",4,7,4
"images/val/283554,11098000c2a2e997.jpg",5,8,3
"images/val/283554,11c9e000e7b6a223.jpg",7,7,7
"images/val/283554,13a86000d4b745e4.jpg",3,5,2
"images/val/283554,173a200055786c7c.jpg",10,16,8
"images/val/283554,18f6400062f5ec3d.jpg",52,135,52
"images/val/283554,1adba000ed59704d.jpg",16,34,15
"images/val/283554,1c3470006dc46c73.jpg",9,33,9
"images/val/283554,1f27d000e532d8f9.jpg",25,44,25
"images/val/283554,207380005468e808.jpg",21,29,15
"images/val/283554,2290700005b7d575.jpg",7,16,7
"images/val/283554,244120008dd97105.jpg",4,8,4
"images/val/283554,26883000a0d404e3.jpg",8,25,8
"images/val/283554,2805b00099fe8932.jpg",8,13,8
"images/val/283554,28eff00003701928.jpg",16,27,14
"images/val/283554,2afd9000134cd91d.jpg",11,27,11
"images/val/283554,2c82800023a96dca.jpg",9,17,9
"images/val/283554,2f02d0005ced023e.jpg",30,32,28
"images/val/283554,303c30000184e0d9.jpg",10,12,9
"images/val/283554,318a80009a9b8957.jpg",8,20,7
"images/val/283554,32ed4000b53b7ebe.jpg",5,6,5
"images/val/283554,34aa80006a2a72ab.jpg",16,57,14
"images/val/283554,3732d0004da1ac75.jpg",11,13,11
"images/val/283554,39a0100017fa1183.jpg",6,11,6
"images/val/283554,3b285000e3caeb9f.jpg",8,9,7
"images/val/283554,3e486000004d3a42.jpg",13,15,13
"images/val/283554,5e06000fe8dcce5.jpg",12,16,10
"images/val/283554,7a88000d2c19eeb.jpg",10,11,9
"images/val/283554,8e81000976609f6.jpg",6,6,6
"images/val/283554,a142000b58bf875.jpg",10,11,10
"images/val/283554,bdc900005475b48.jpg",24,83,24
"images/val/283554,d77d000f86f4ab7.jpg",11,19,11
"images/val/283554,f14c00070198f9c.jpg",3,5,3
"images/val/283647,10da20007009577c.jpg",11,15,11
"images/val/283647,120b7000e2e46855.jpg",0,3,0
"images/val/283647,13d2c00095718ed2.jpg",12,36,11
"images/val/283647,1587f000e031891d.jpg",15,16,15
"images/val/283647,171f7000bb2f219f.jpg",0,55,0
"images/val/283647,18e170005675c161.jpg",18,40,18
"images/val/283647,295d000fc4d0890.jpg",7,27,7
"images/val/283647,4d2f000a6e06620.jpg",12,23,12
"images/val/283647,7176000cb8dc623.jpg",19,43,19
"images/val/283647,786e000d12721b9.jpg",13,32,13
"images/val/283647,97e2000590a4e31.jpg",11,26,11
"images/val/283647,ac5a00061df7c1e.jpg",6,11,6
"images/val/283647,d331000f4087b45.jpg",9,11,8
"images/val/283647,ee0d00086ee6f84.jpg",22,55,22
"images/val/283991,123be000c9196502.jpg",14,20,14
"images/val/283991,148ec000da593d9f.jpg",21,28,21
"images/val/283991,15863000b072f728.jpg",12,37,12
"images/val/283991,163a10008fcaef50.jpg",11,23,11
"images/val/283991,1688f0008577cf40.jpg",14,41,14
"images/val/283991,1748d0002306f620.jpg",5,8,5
"images/val/283991,18ef20002a8e3bee.jpg",16,28,15
"images/val/283991,19782000b4949fce.jpg",7,25,7
"images/val/283991,19f11000eb408242.jpg",23,37,20
"images/val/283991,1ace5000131780c8.jpg",11,24,11
"images/val/283991,1b4d6000db871015.jpg",11,14,11
"images/val/283991,1c1e000fee0d9e1.jpg",17,20,16
"images/val/283991,1d05600069959a3f.jpg",9,14,9
"images/val/283991,1e45d00048184e9f.jpg",6,7,6
"images/val/283991,1ea36000b19f24d0.jpg",4,6,4
"images/val/283991,205100003f648e83.jpg",6,12,6
"images/val/283991,21cec000cc80ae5f.jpg",3,56,3
"images/val/283991,315000e01db72a.jpg",13,16,12
"images/val/283991,4a47000da0b08ed.jpg",14,35,14
"images/val/283991,51e7000982a7a14.jpg",6,17,6
"images/val/283991,6ab0009a803a2c.jpg",25,52,25
"images/val/283991,7a900043f4c60f.jpg",11,14,11
"images/val/283991,a6cf000c201f8db.jpg",7,10,5
"images/val/283991,e069000c11980bf.jpg",28,31,25
"images/val/283992,1039c0006b30b0d4.jpg",11,17,11
"images/val/283992,111f200032ebea28.jpg",2,3,2
"images/val/283992,11bd900042ca06ca.jpg",11,19,10
"images/val/283992,1217e000df9ee218.jpg",7,28,7
"images/val/283992,13aad00035c65655.jpg",11,44,9
"images/val/283992,1600c000239eaba8.jpg",22,49,21
"images/val/283992,16d20000ad59f6de.jpg",14,37,14
"images/val/283992,18084000581471e1.jpg",12,20,12
"images/val/283992,18b120003117b785.jpg",6,5,5
"images/val/283992,1cac0002e921039.jpg",31,112,31
"images/val/283992,26f6000f1fee913.jpg",11,26,11
"images/val/283992,3056000e977837f.jpg",10,14,9
"images/val/283992,43b80003c7328d1.jpg",7,28,7
"images/val/283992,561f00030a5043e.jpg",3,6,3
"images/val/283992,697000545e9bf4.jpg",15,15,13
"images/val/283992,756d000bdad13b9.jpg",8,21,7
"images/val/283992,7e4b0008da24e9a.jpg",7,30,7
"images/val/283992,8c270002773e76c.jpg",20,36,19
"images/val/283992,93760007ab5ebbc.jpg",6,9,5
"images/val/283992,9e00000667c727d.jpg",7,9,7
"images/val/283992,b48d0000b80b9e7.jpg",13,30,12
"images/val/283992,bff0002397dd17.jpg",19,20,18
"images/val/283992,cb5c000c7aef901.jpg",22,80,18
"images/val/283992,d8a60000607da30.jpg",5,32,4
"images/val/283992,e4d3000ff15cfc6.jpg",5,19,5
"images/val/283992,fc0f0005fc721e4.jpg",11,20,10
"images/val/284193,1040f00016f17559.jpg",10,10,10
"images/val/284193,11f8c0009bd23f6a.jpg",4,4,4
"images/val/284193,133b90006cfaf8d8.jpg",2,4,2
"images/val/284193,14c46000744f1d01.jpg",19,34,17
"images/val/284193,1660b0006ae7d88f.jpg",12,13,10
"images/val/284193,177d8000a713498a.jpg",10,13,9
"images/val/284193,18919000c87f892a.jpg",10,11,10
"images/val/284193,1abf300056ba1ce8.jpg",5,6,5
"images/val/284193,1b9db000fb266836.jpg",15,44,15
"images/val/284193,1c0aa0000b68bbb8.jpg",15,20,15
"images/val/284193,1ca00024e30093.jpg",8,16,8
"images/val/284193,1d28100042c51ec3.jpg",3,9,3
"images/val/284193,1d72f0005ff2306f.jpg",9,20,9
"images/val/284193,1ecc1000e4854d3b.jpg",5,9,5
"images/val/284193,20a54000c1d27ed7.jpg",19,30,19
"images/val/284193,22322000fab473d5.jpg",2,3,2
"images/val/284193,23920000b82135b2.jpg",8,9,7
"images/val/284193,256940003b4a2df7.jpg",7,25,7
"images/val/284193,26064000e80f2aa7.jpg",4,5,4
"images/val/284193,26eb6000b737667b.jpg",11,17,11
"images/val/284193,278b0000d6b33029.jpg",8,11,8
"images/val/284193,280a2000ce6e9316.jpg",13,25,13
"images/val/284193,29047000aedddc9d.jpg",9,10,9
"images/val/284193,2c0b90006f09d620.jpg",13,18,13
"images/val/284193,2ea600024e1ebac.jpg",5,6,5
"images/val/284193,2f384000c61edcf3.jpg",11,19,9
"images/val/284193,3c100073c78e31.jpg",7,23,7
"images/val/284193,57f0000a5dc79e1.jpg",2,3,2
"images/val/284193,6fb500048fc3588.jpg",3,4,3
"images/val/284193,7b47000239140c3.jpg",6,10,6
"images/val/284193,845c0001307ff4d.jpg",7,10,7
"images/val/284193,937f000124d8526.jpg",7,13,7
"images/val/284193,adfb00006a2a8e8.jpg",14,25,13
"images/val/284193,b3810007d9c0acd.jpg",13,33,13
"images/val/284193,c0a00084eb2bf6.jpg",8,18,8
"images/val/284193,d1ee00085c74b18.jpg",5,13,5
"images/val/284193,e000b031369a.jpg",4,4,4
"images/val/284193,ee93000e8a91000.jpg",12,14,12
"images/val/284193,ff25000b6a403e9.jpg",14,17,13
